{"cameraMode":{"drawMode":0,"name":"Shaded","section":"Shading Mode"},"sceneLighting":true,"audioPlay":false,"sceneViewState":{"m_AlwaysRefresh":false,"showFog":true,"showSkybox":true,"showFlares":true,"showImageEffects":true,"showParticleSystems":true,"showVisualEffectGraphs":true,"m_FxEnabled":true},"in2DMode":false,"pivot":{"x":6.1873040199279789,"y":4.366593360900879,"z":-5.017150402069092},"rotation":{"x":0.0886889100074768,"y":0.010453494265675545,"z":-0.0009270249283872545,"w":0.9960148930549622},"size":2.5697081089019777,"orthographic":false}